{
  "camera_data": {},
  "objects": [
    {
      "class": "tool",
      "location": [
        75.6248940736957,
        26.129375798082258,
        134.93753134729283
      ],
      "quaternion_xyzw": [
        -0.5195974058220789,
        -0.1402067628127091,
        -0.8416370993565512,
        0.04480616599573464
      ],
      "projected_cuboid": [
        [
          615.8482037673238,
          333.0772114058775
        ],
        [
          688.5097476533332,
          346.55713564945404
        ],
        [
          697.0331204625757,
          259.69998714802125
        ],
        [
          625.4003070580192,
          257.0594523080629
        ],
        [
          599.3784770111815,
          328.7907772402748
        ],
        [
          671.401346585569,
          341.97391952459276
        ],
        [
          680.6857543560119,
          253.2482651857926
        ],
        [
          609.6006600305129,
          251.3465537363248
        ],
        [
          646.2823844897206,
          295.6062003315568
        ]
      ]
    }
  ]
}