{
  "camera_data": {},
  "objects": [
    {
      "class": "tool",
      "location": [
        66.41555909571213,
        14.495033796676056,
        164.13205183820062
      ],
      "quaternion_xyzw": [
        0.02722979445458702,
        0.5347635085584037,
        -0.04613165298675179,
        0.8433020803964478
      ],
      "projected_cuboid": [
        [
          597.2896226105294,
          206.56445492969
        ],
        [
          548.401661950668,
          208.4665480334369
        ],
        [
          555.3041548371029,
          271.7834230732862
        ],
        [
          605.0131657814226,
          277.19683798192943
        ],
        [
          581.0988631054612,
          208.93020149122597
        ],
        [
          533.0663220697754,
          210.61616408195994
        ],
        [
          540.0821843395829,
          275.035461313204
        ],
        [
          588.9646780386021,
          280.93723171711713
        ],
        [
          567.3764337779689,
          242.3672492062814
        ]
      ]
    }
  ]
}