{
  "camera_data": {},
  "objects": [
    {
      "class": "tool",
      "location": [
        26.38898221858515,
        10.821155806707939,
        56.56127348403666
      ],
      "quaternion_xyzw": [
        -0.787470970777903,
        -0.12649243810362543,
        -0.14040388180969604,
        0.5866650520164606
      ],
      "projected_cuboid": [
        [
          596.5129860309636,
          326.5161617293769
        ],
        [
          472.0794278721739,
          336.2965385775341
        ],
        [
          619.1694085704794,
          326.77342390963963
        ],
        [
          770.75802657908,
          314.5545701697256
        ],
        [
          586.597494354965,
          275.2317509068064
        ],
        [
          464.7402274616872,
          278.7585325916332
        ],
        [
          602.2097993144397,
          244.11431871128437
        ],
        [
          750.6194934271502,
          244.22538362619474
        ],
        [
          598.7311135914335,
          294.43194377508644
        ]
      ]
    }
  ]
}