{
    "objects": [
        {
            "class": "tool",
            "visibility": 1.0,
            "location": [
                -0.12797366333007812,
                -0.10944395446777344,
                1.65466064453125
            ],
            "quaternion_xyzw": [
                0,
                0,
                0,
                1
            ],
            "projected_cuboid": [
                [
                    205.40418315910503,
                    195.91277131169008
                ],
                [
                    212.15541543357207,
                    160.56681957174538
                ],
                [
                    134.51679358562376,
                    126.5055401973913
                ],
                [
                    126.51206554924521,
                    165.97808945353134
                ],
                [
                    292.09106329991573,
                    202.2767543282789
                ],
                [
                    298.831242302106,
                    164.58409575397494
                ],
                [
                    226.74999113221213,
                    128.52656740472273
                ],
                [
                    218.69749208317114,
                    170.94888902752965
                ],
                [
                    214.3697808181189,
                    164.41244088110804
                ]
            ]
        }
    ]
}