{
    "objects": [
        {
            "class": "tool",
            "visibility": 1.0,
            "location": [
                -0.14191270446777343,
                -0.1381637725830078,
                1.509560302734375
            ],
            "quaternion_xyzw": [
                0,
                0,
                0,
                1
            ],
            "projected_cuboid": [
                [
                    258.4202530826819,
                    150.73374297113202
                ],
                [
                    285.44896203350163,
                    169.46733470436482
                ],
                [
                    337.0867237874888,
                    55.3095444638935
                ],
                [
                    307.71133312454543,
                    38.120517298963435
                ],
                [
                    181.8839373768432,
                    145.78185347754723
                ],
                [
                    210.30730452525336,
                    166.59001718081834
                ],
                [
                    264.2973079317567,
                    38.231633670242125
                ],
                [
                    233.1170975737001,
                    19.38211175051286
                ],
                [
                    259.7841149294714,
                    97.95209443968429
                ]
            ]
        }
    ]
}